task_idx,query_loss,query_accuracy,final_support_loss,num_sgd_steps,lr
0,0.6938896179199219,0.5,0.5449556112289429,5,0.001
1,0.6925438046455383,0.5,0.584211528301239,5,0.001
