{
  "concept_info": {
    "expr": [
      "NOT",
      [
        "OR",
        [
          "AND",
          "F3_T",
          "F1_T"
        ],
        [
          "NOT",
          "F0_T"
        ]
      ]
    ],
    "expr_str": "\u00ac(((x_3 \u2227 x_1) \u2228 \u00ac(x_0)))",
    "literals": 3,
    "depth": 4,
    "num_features": 8,
    "max_depth": 3,
    "seed": 42,
    "positive_ratio": 0.375
  },
  "training_info": {
    "final_loss": 0.0008588184136897326,
    "final_accuracy": 1.0,
    "n_hidden": 32,
    "n_layers": 3,
    "epochs": 2000,
    "lr": 0.05
  },
  "landscape_properties_1d": [
    {
      "local_minima_count": 1,
      "local_minima": [
        [
          -0.5276381909547738,
          0.0008268366800621152
        ]
      ],
      "global_minimum": [
        -0.5276381909547738,
        0.0008268366800621152
      ],
      "mean_curvature": 5.298308237935557e-07,
      "max_curvature": 1.6810372471809387e-06,
      "loss_range": 0.002354719559662044,
      "loss_variance": 3.173093903875537e-07
    },
    {
      "local_minima_count": 1,
      "local_minima": [
        [
          0.16582914572864293,
          0.0008519859984517097
        ]
      ],
      "global_minimum": [
        0.16582914572864293,
        0.0008519859984517097
      ],
      "mean_curvature": 2.097484251164427e-06,
      "max_curvature": 9.33278352022171e-06,
      "loss_range": 0.006310626864433289,
      "loss_variance": 2.2855823003384963e-06
    },
    {
      "local_minima_count": 1,
      "local_minima": [
        [
          -0.7386934673366836,
          0.000820171320810914
        ]
      ],
      "global_minimum": [
        -0.7386934673366836,
        0.000820171320810914
      ],
      "mean_curvature": 3.4201234071092174e-07,
      "max_curvature": 1.4775432646274567e-06,
      "loss_range": 0.0022702484857290983,
      "loss_variance": 3.12179295573965e-07
    },
    {
      "local_minima_count": 1,
      "local_minima": [
        [
          0.1959798994974875,
          0.0008534995722584426
        ]
      ],
      "global_minimum": [
        0.1959798994974875,
        0.0008534995722584426
      ],
      "mean_curvature": 5.199978447923756e-07,
      "max_curvature": 1.719687134027481e-06,
      "loss_range": 0.002367402717936784,
      "loss_variance": 3.2649569432915315e-07
    }
  ],
  "avg_properties": {
    "avg_local_minima": 1.0,
    "avg_curvature": 8.723313151153199e-07,
    "avg_loss_range": 0.0033257494069403037,
    "min_loss_2d": 0.0007413836428895593,
    "max_loss_2d": 0.003975598141551018,
    "loss_variance_2d": 2.7608130365371153e-07
  },
  "timestamp": "2025-07-09T11:37:31.723372"
}