Complexity,Method,Final_Accuracy,Std_Dev,Seeds
Simple (F8D3),SGD,0.7333333492279053,0.13123346809943573,3
Simple (F8D3),Meta-SGD,0.7886666666666665,0.007133644853010956,3
Medium (F8D5),SGD,0.5166666706403097,0.023570231659131385,3
Medium (F8D5),Meta-SGD,0.6770000000000002,0.0,1
Complex (F32D3),SGD,0.5,0.0,3
Complex (F32D3),Meta-SGD,0.5299999999999999,0.013000000000000012,2
